{
    "max_latitude": 40.90999984741211,
    "max_longitude": -73.69000244140625,
    "min_latitude": 40.50015640258789,
    "min_longitude": -74.25999450683594,
    "nbins_latitude": 91,
    "nbins_longitude": 126,
    "size_bin_latitude": 0.004503774118947459,
    "size_bin_longitude": 0.004523746551029266
}